INSERT INTO artist VALUES
    (@DAWN_OF_MIDI, 'Dawn of Midi'),
    (@INTERPOL, 'Interpol'),
    (@THE_CHROME_CRANKS, 'The Chrome Cranks'),
    (@MELVINS, 'Melvins'),
    (@MOGWAI, 'Mogwai'),
    (@WARPAINT, 'Warpaint');

INSERT INTO album VALUES
    (@DAWN_OF_MIDI, 1, 'Dysnomia'),
    (@INTERPOL, 1, 'Turn on the Bright Lights'),
    (@THE_CHROME_CRANKS, 1, 'Dead Cool'),
    (@MELVINS, 1, 'Houdini'),
    (@MOGWAI, 1, 'Come on Die Young'),
    (@MOGWAI, 2, 'Every Country’s Sun'),
    (@WARPAINT, 1, 'Heads Up');

INSERT INTO track VALUES
    (@DAWN_OF_MIDI, 1, 1, 'Io', '6.03'),
    (@DAWN_OF_MIDI, 1, 2, 'Sinope', '6.53'),
    (@DAWN_OF_MIDI, 1, 3, 'Atlas', '6.37'),
    (@DAWN_OF_MIDI, 1, 4, 'Nix', '3.39'),
    (@DAWN_OF_MIDI, 1, 5, 'Moon', '5.04'),
    (@DAWN_OF_MIDI, 1, 6, 'Ymir', '4.27'),
    (@DAWN_OF_MIDI, 1, 7, 'Ijiraq', '5.22'),
    (@DAWN_OF_MIDI, 1, 8, 'Algol', '4.16'),
    (@DAWN_OF_MIDI, 1, 9, 'Dysnomia', '4.14');

INSERT INTO track VALUES
    (@INTERPOL, 1, 1, 'Untitled', '3.57'),
    (@INTERPOL, 1, 2, 'Obstacle 1', '4.11'),
    (@INTERPOL, 1, 3, 'NYC', '4.20'),
    (@INTERPOL, 1, 4, 'PDA', '5.00'),
    (@INTERPOL, 1, 5, 'Say Hello to the Angels', '4.28'),
    (@INTERPOL, 1, 6, 'Hands Away', '3.06'),
    (@INTERPOL, 1, 7, 'Obstacle 2', '3.47'),
    (@INTERPOL, 1, 8, 'Stella Was a Diver and She Was Always Down', '6.28'),
    (@INTERPOL, 1, 9, 'Roland', '3.36'),
    (@INTERPOL, 1, 10, 'The New', '6.07'),
    (@INTERPOL, 1, 11, 'Leif Erikson', '4.00');

INSERT INTO track VALUES
    (@THE_CHROME_CRANKS, 1, 1, 'Dead Cool', '5.25'),
    (@THE_CHROME_CRANKS, 1, 2, 'Desperate Friend', '2.04'),
    (@THE_CHROME_CRANKS, 1, 3, 'Way-Out Lover', '3.08'),
    (@THE_CHROME_CRANKS, 1, 4, 'Down So Low', '3.55'),
    (@THE_CHROME_CRANKS, 1, 5, 'Bloodshot Eye', '3.54'),
    (@THE_CHROME_CRANKS, 1, 6, 'Nightmare in Pink', '2.06'),
    (@THE_CHROME_CRANKS, 1, 7, 'Shine It On', '4.15'),
    (@THE_CHROME_CRANKS, 1, 8, 'Burn Baby Burn', '6.13');

INSERT INTO track VALUES
    (@MELVINS, 1, 1, 'Hooch', '2.49'),
    (@MELVINS, 1, 2, 'Night Goat', '4.41'),
    (@MELVINS, 1, 3, 'Lizzy', '4.44'),
    (@MELVINS, 1, 4, 'Goin’ Blind', '4.33'),
    (@MELVINS, 1, 5, 'Honey Bucket', '3.01'),
    (@MELVINS, 1, 6, 'Hag Me', '7.06'),
    (@MELVINS, 1, 7, 'Set Me Straight', '2.25'),
    (@MELVINS, 1, 8, 'Sky Pup', '3.50'),
    (@MELVINS, 1, 9, 'Joan of Arc', '3.36'),
    (@MELVINS, 1, 10, 'Teet', '2.52'),
    (@MELVINS, 1, 11, 'Copache', '2.07'),
    (@MELVINS, 1, 12, 'Pearl Bomb', '2.46'),
    (@MELVINS, 1, 13, 'Spread Eagle Beagle', '10.14');

INSERT INTO track VALUES
    (@MOGWAI, 1, 1, 'Punk Rock:', '2.09'),
    (@MOGWAI, 1, 2, 'Cody', '6.33'),
    (@MOGWAI, 1, 3, 'Helps Both Ways', '4.53'),
    (@MOGWAI, 1, 4, 'Year 2000 Non-Compliant Cardia', '3.26'),
    (@MOGWAI, 1, 5, 'Kappa', '4.53'),
    (@MOGWAI, 1, 6, 'Waltz for Aidan', '3.44'),
    (@MOGWAI, 1, 7, 'May Nothing But Happiness Come Through Your Door', '8.30'),
    (@MOGWAI, 1, 8, 'Oh! How the Dogs Stack Up', '2.04'),
    (@MOGWAI, 1, 9, 'Ex-Cowboy', '9.09'),
    (@MOGWAI, 1, 10, 'Chocky', '9.23'),
    (@MOGWAI, 1, 11, 'Christmas Steps', '10.39'),
    (@MOGWAI, 1, 12, 'Punk Rock/Puff Daddy/Antichrist', '2.14');

INSERT INTO track VALUES
    (@MOGWAI, 2, 1, 'Coolverine', '6.17'),
    (@MOGWAI, 2, 2, 'Party in the Dark', '4.02'),
    (@MOGWAI, 2, 3, 'Brain Sweeties', '4.44'),
    (@MOGWAI, 2, 4, 'Crossing the Road Material', '6.58'),
    (@MOGWAI, 2, 5, 'aka 47', '4.16'),
    (@MOGWAI, 2, 6, '20 Size', '4.44'),
    (@MOGWAI, 2, 7, '1000 Foot Face', '4.31'),
    (@MOGWAI, 2, 8, 'Don’t Believe the Fife', '6.24'),
    (@MOGWAI, 2, 9, 'Battered at a Scramble', '4.03'),
    (@MOGWAI, 2, 10, 'Old Poisons', '4.30'),
    (@MOGWAI, 2, 11, 'Every Country’s Sun', '5.38');

INSERT INTO track VALUES
    (@WARPAINT, 1, 1, 'Whiteout', '4.42'),
    (@WARPAINT, 1, 2, 'By Your Side', '4.32'),
    (@WARPAINT, 1, 3, 'New Song', '4.16'),
    (@WARPAINT, 1, 4, 'The Stall', '4.56'),
    (@WARPAINT, 1, 5, 'So Good', '5.59'),
    (@WARPAINT, 1, 6, 'Don’t Wanna', '3.43'),
    (@WARPAINT, 1, 7, 'Don’t Let Go', '4.22'),
    (@WARPAINT, 1, 8, 'Dre', '3.59'),
    (@WARPAINT, 1, 9, 'Heads Up', '4.57'),
    (@WARPAINT, 1, 10, 'Above Control', '5.06'),
    (@WARPAINT, 1, 11, 'Today Dear', '4.49');
